CDR3_beta	TRBV_gene	TRBJ_gene	nr_volunteers	RNA_info	Volunteer_count
CASSLQGRHGYTF	TRBV4-2,TRBV28	TRBJ1-2	6	TGTGCCAGCAGCCTACAGGGTCGCCATGGCTACACCTTC['DR26(2.0)': 'DR24(4.0)': 'DR26(11.0)': 'DR23(1.0)': 'DR25(36.0)': 'DR18(44254.0)': 'DR23(23.0)': 'DR18(54900.0)': 'DR12(10.0)': 'DR23(6.0)': 'DR25(5.0)': 'DR24(4.0)': 'DR26(42.0)': 'DR23(5.0)']	['DR26(2.0)': 'DR24(4.0)': 'DR26(11.0)': 'DR23(1.0)': 'DR25(36.0)': 'DR18(44254.0)': 'DR23(23.0)': 'DR18(54900.0)': 'DR12(10.0)': 'DR23(6.0)': 'DR25(5.0)': 'DR24(4.0)': 'DR26(42.0)': 'DR23(5.0)']
CATSDDRVGEQFF	TRBV24-1	TRBJ2-1	6	TGTGCCACCAGCGATGACAGGGTGGGCGAGCAGTTCTTC['DR12(7.0)'],TGTGCCACCAGTGACGACAGGGTGGGCGAGCAGTTCTTC['DR23(5.0)'],TGTGCCACCAGTGATGACAGGGTGGGCGAGCAGTTCTTC['DR24(67.0)': 'DR25(166.0)': 'DR23(81.0)': 'DR12(67.0)': 'DR12(20.0)': 'DR26(7.0)': 'DR18(111222.0)': 'DR23(49.0)': 'DR23(17.0)': 'DR25(71.0)': 'DR12(5.0)': 'DR26(31.0)': 'DR18(143165.0)': 'DR24(10.0)': 'DR24(9.0)': 'DR25(68.0)': 'DR26(441.0)']	['DR12(7.0)'],['DR23(5.0)'],['DR24(67.0)': 'DR25(166.0)': 'DR23(81.0)': 'DR12(67.0)': 'DR12(20.0)': 'DR26(7.0)': 'DR18(111222.0)': 'DR23(49.0)': 'DR23(17.0)': 'DR25(71.0)': 'DR12(5.0)': 'DR26(31.0)': 'DR18(143165.0)': 'DR24(10.0)': 'DR24(9.0)': 'DR25(68.0)': 'DR26(441.0)']
CATSTRQGGSEQYF	TRBV15	TRBJ2-7	6	TGTGCCACCAGCACTAGACAGGGAGGCTCCGAGCAGTACTTC['DR26(81.0)': 'DR18(33762.0)': 'DR24(3.0)': 'DR25(5.0)': 'DR12(5.0)': 'DR18(47758.0)': 'DR23(17.0)': 'DR25(49.0)': 'DR12(3.0)': 'DR26(26.0)']	['DR26(81.0)': 'DR18(33762.0)': 'DR24(3.0)': 'DR25(5.0)': 'DR12(5.0)': 'DR18(47758.0)': 'DR23(17.0)': 'DR25(49.0)': 'DR12(3.0)': 'DR26(26.0)']
CASKDSFNQPQHF	TRBV19	TRBJ1-5	5	TGTGCCAGCAAGGACAGTTTCAATCAGCCCCAGCATTTT['DR26(11.0)'],TGTGCCAGCAAGGACAGCTTCAATCAGCCCCAGCATTTT['DR25(1.0)'],TGTGCCAGTAAGGACAGCTTCAATCAGCCCCAGCATTTT['DR26(6171.0)': 'DR25(2.0)': 'DR18(1.0)': 'DR10(2.0)': 'DR12(11.0)']	['DR26(11.0)'],['DR25(1.0)'],['DR26(6171.0)': 'DR25(2.0)': 'DR18(1.0)': 'DR10(2.0)': 'DR12(11.0)']
CASSIGRNTEAFF	TRBV5-3,TRBV19	TRBJ1-1	5	TGTGCCAGTAGTATCGGGCGGAACACTGAAGCTTTCTTT['DR23(3288.0)': 'DR26(2.0)': 'DR18(3.0)': 'DR12(2.0)': 'DR25(5.0)': 'DR23(2.0)']	['DR23(3288.0)': 'DR26(2.0)': 'DR18(3.0)': 'DR12(2.0)': 'DR25(5.0)': 'DR23(2.0)']
CASSSGGAGYEQYF	TRBV12-3	TRBJ2-7	4	TGTGCCAGCAGTAGCGGGGGGGCCGGCTACGAGCAGTACTTC['DR56(2.0)': 'DR47(28.0)': 'DR50(26.0)': 'DR50(26016.0)': 'DR48(77.0)']	['DR56(2.0)': 'DR47(28.0)': 'DR50(26.0)': 'DR50(26016.0)': 'DR48(77.0)']
CATSGPDREEETQYF	TRBV24-1	TRBJ2-5	4	TGTGCCACCAGTGGCCCGGACAGGGAAGAAGAGACCCAGTACTTC['DR24(3.0)': 'DR26(14.0)': 'DR23(67.0)': 'DR18(8.0)': 'DR23(13264.0)': 'DR23(23.0)']	['DR24(3.0)': 'DR26(14.0)': 'DR23(67.0)': 'DR18(8.0)': 'DR23(13264.0)': 'DR23(23.0)']
CASSLRQGYEQYF	TRBV9	TRBJ2-7	4	TGTGCCAGCAGCTTAAGACAGGGCTACGAGCAGTACTTC['DR12(2.0)': 'DR25(8.0)': 'DR25(5.0)': 'DR25(6845.0)': 'DR10(1.0)': 'DR10(13.0)': 'DR26(4.0)']	['DR12(2.0)': 'DR25(8.0)': 'DR25(5.0)': 'DR25(6845.0)': 'DR10(1.0)': 'DR10(13.0)': 'DR26(4.0)']
CASSAGSRYEQYF	TRBV27	TRBJ2-7	4	TGTGCCAGCAGTGCTGGATCACGGTACGAGCAGTACTTC['DR23(2.0)': 'DR18(27.0)': 'DR23(4.0)': 'DR24(9.0)': 'DR24(11.0)': 'DR12(2.0)': 'DR18(4.0)': 'DR24(10940.0)']	['DR23(2.0)': 'DR18(27.0)': 'DR23(4.0)': 'DR24(9.0)': 'DR24(11.0)': 'DR12(2.0)': 'DR18(4.0)': 'DR24(10940.0)']
CASSLAEGGYEQYF	TRBV7-2	TRBJ2-7	4	TGTGCCAGCAGCTTAGCGGAGGGGGGCTACGAGCAGTACTTC['DR56(397.0)': 'DR50(92793.0)': 'DR47(304.0)': 'DR48(682.0)': 'DR50(200060.0)']	['DR56(397.0)': 'DR50(92793.0)': 'DR47(304.0)': 'DR48(682.0)': 'DR50(200060.0)']
CASSHRDRGNTEAFF	TRBV9	TRBJ1-1	4	TGTGCCAGCAGCCACCGGGACAGGGGGAACACTGAAGCTTTCTTT['DR50(88.0)': 'DR56(59417.0)': 'DR56(152931.0)': 'DR55(229.0)': 'DR48(15.0)': 'DR55(377.0)']	['DR50(88.0)': 'DR56(59417.0)': 'DR56(152931.0)': 'DR55(229.0)': 'DR48(15.0)': 'DR55(377.0)']
CASSQDNRVSEEYF	TRBV4-1	TRBJ2-3	4	TGCGCCAGCAGCCAAGACAATCGGGTTTCGGAGGAGTATTTT['DR25(4.0)': 'DR25(5.0)': 'DR25(17.0)': 'DR26(3.0)': 'DR24(1.0)': 'DR18(1514.0)': 'DR18(4696.0)']	['DR25(4.0)': 'DR25(5.0)': 'DR25(17.0)': 'DR26(3.0)': 'DR24(1.0)': 'DR18(1514.0)': 'DR18(4696.0)']
CATSLWTSGSHEQFF	TRBV24-1	TRBJ2-1	4	TGTGCCACCAGTCTTTGGACTAGCGGGAGCCATGAGCAGTTCTTC['DR48(42352.0)': 'DR56(11.0)': 'DR50(45.0)': 'DR47(20.0)']	['DR48(42352.0)': 'DR56(11.0)': 'DR50(45.0)': 'DR47(20.0)']
CASSGGMNTEAFF	TRBV6-1,TRBV6-5	TRBJ1-1	4	TGTGCCAGCAGTGGGGGGATGAACACTGAAGCTTTCTTT['DR10(2.0)': 'DR25(1057.0)': 'DR24(1.0)': 'DR25(1.0)': 'DR12(2.0)']	['DR10(2.0)': 'DR25(1057.0)': 'DR24(1.0)': 'DR25(1.0)': 'DR12(2.0)']
CASSLEVGRDTQYF	TRBV11-2,TRBV7-9	TRBJ2-3	4	TGTGCCAGCAGCTTAGAGGTTGGGAGAGATACGCAGTATTTT['DR24(2.0)': 'DR12(5.0)': 'DR23(1.0)': 'DR10(4120.0)']	['DR24(2.0)': 'DR12(5.0)': 'DR23(1.0)': 'DR10(4120.0)']
CASSPSPSSYNEQFF	TRBV7-3	TRBJ2-1	4	TGTGCCAGCAGCCCCTCCCCGAGCTCCTACAATGAGCAGTTCTTC['DR48(142313.0)': 'DR47(81.0)': 'DR50(119.0)': 'DR56(140.0)']	['DR48(142313.0)': 'DR47(81.0)': 'DR50(119.0)': 'DR56(140.0)']
CASSKGQGHQPQHF	TRBV19	TRBJ1-5	3	TGTGCCAGTAGTAAAGGACAGGGACATCAGCCCCAGCATTTT['DR10(1.0)': 'DR26(9185.0)': 'DR12(1.0)']	['DR10(1.0)': 'DR26(9185.0)': 'DR12(1.0)']
CASSLDGDTQYF	TRBV27	TRBJ2-3	3	TGTGCCAGCAGTTTAGATGGGGATACGCAGTATTTT['DR10(1.0)': 'DR25(3.0)': 'DR26(2.0)': 'DR25(5.0)': 'DR25(2291.0)': 'DR10(3.0)']	['DR10(1.0)': 'DR25(3.0)': 'DR26(2.0)': 'DR25(5.0)': 'DR25(2291.0)': 'DR10(3.0)']
CASSLDRAGSYGYTF	TRBV11-2	TRBJ1-2	3	TGTGCCAGCAGCTTAGATCGGGCAGGGAGCTATGGCTACACCTTC['DR25(3.0)': 'DR26(1.0)': 'DR10(2.0)': 'DR10(2858.0)'],TGTGCCAGCAGCTTAGATCGGGCTGGGAGCTATGGCTACACCTTC['DR10(1.0)']	['DR25(3.0)': 'DR26(1.0)': 'DR10(2.0)': 'DR10(2858.0)'],['DR10(1.0)']
CATAQQGAHNSPLHF	TRBV14,TRBV19	TRBJ1-6	3	TGTGCCACCGCGCAACAGGGGGCCCATAATTCACCCCTCCACTTT['DR23(2.0)': 'DR18(2.0)': 'DR23(8087.0)': 'DR23(2.0)': 'DR26(4.0)']	['DR23(2.0)': 'DR18(2.0)': 'DR23(8087.0)': 'DR23(2.0)': 'DR26(4.0)']
CASSQGLGATEAFF	TRBV4-1	TRBJ1-1	3	TGCGCCAGCAGCCAAGGACTTGGCGCCACTGAAGCTTTCTTT['DR56(52.0)': 'DR55(82.0)': 'DR56(42516.0)': 'DR48(3.0)': 'DR55(46.0)']	['DR56(52.0)': 'DR55(82.0)': 'DR56(42516.0)': 'DR48(3.0)': 'DR55(46.0)']
CATSDFGDQMELFF	TRBV24-1	TRBJ2-2	3	TGTGCCACCAGTGATTTTGGGGACCAAATGGAGCTGTTTTTT['DR25(3995.0)': 'DR12(2.0)': 'DR25(8.0)': 'DR10(1.0)']	['DR25(3995.0)': 'DR12(2.0)': 'DR25(8.0)': 'DR10(1.0)']
CASSIWERGDTQYF	TRBV19	TRBJ2-3	3	TGTGCCAGTAGTATCTGGGAGAGGGGAGATACGCAGTATTTT['DR23(1.0)': 'DR24(1.0)': 'DR24(1606.0)': 'DR18(4.0)': 'DR18(2.0)']	['DR23(1.0)': 'DR24(1.0)': 'DR24(1606.0)': 'DR18(4.0)': 'DR18(2.0)']
CASSISTERVTYEQYF	TRBV19	TRBJ2-7	3	TGTGCCAGTAGTATTTCTACGGAGAGAGTGACCTACGAGCAGTACTTC['DR18(4.0)': 'DR12(1.0)': 'DR23(8843.0)': 'DR23(4.0)']	['DR18(4.0)': 'DR12(1.0)': 'DR23(8843.0)': 'DR23(4.0)']
CASSQGAPFAGGKIEQFF	TRBV3-2	TRBJ2-1	3	TGTGCCAGCAGCCAAGGGGCCCCATTCGCGGGAGGAAAGATTGAGCAGTTCTTC['DR23(14920.0)': 'DR18(12.0)': 'DR23(8.0)': 'DR26(5.0)']	['DR23(14920.0)': 'DR18(12.0)': 'DR23(8.0)': 'DR26(5.0)']
CASSLGAGDEQFF	TRBV12-3,TRBV6-8	TRBJ2-1	3	TGTGCCAGCAGTTTAGGAGCTGGGGATGAGCAGTTCTTC['DR10(4471.0)': 'DR12(1.0)': 'DR25(1.0)']	['DR10(4471.0)': 'DR12(1.0)': 'DR25(1.0)']
CASSIGRGYEQYF	TRBV19	TRBJ2-7	3	TGTGCCAGTAGTATTGGCAGGGGCTACGAGCAGTACTTC['DR55(48.0)': 'DR55(30.0)': 'DR56(68.0)': 'DR50(1.0)': 'DR56(26755.0)']	['DR55(48.0)': 'DR55(30.0)': 'DR56(68.0)': 'DR50(1.0)': 'DR56(26755.0)']
CASSGYGVYF	TRBV25-1	TRBJ2-7	3	TGTGCCAGCAGCGGCTACGGGGTGTACTTC['DR10(3130.0)': 'DR12(7.0)': 'DR23(32.0)': 'DR10(399.0)']	['DR10(3130.0)': 'DR12(7.0)': 'DR23(32.0)': 'DR10(399.0)']
CASSGTGGGNEQYF	TRBV25-1	TRBJ2-7	3	TGTGCCAGCAGTGGAACAGGGGGCGGGAACGAGCAGTACTTC['DR24(4.0)': 'DR12(2.0)': 'DR18(3.0)': 'DR24(7631.0)': 'DR18(14.0)'],TGCGCCAGCAGTGGAACAGGGGGCGGGAACGAGCAGTACTTC['DR24(680.0)']	['DR24(4.0)': 'DR12(2.0)': 'DR18(3.0)': 'DR24(7631.0)': 'DR18(14.0)'],['DR24(680.0)']
CATSRDYTGTDTQYF	TRBV15	TRBJ2-3	3	TGTGCCACCAGCAGAGACTACACAGGTACAGATACGCAGTATTTT['DR55(9.0)': 'DR50(7.0)': 'DR55(10.0)': 'DR56(5640.0)']	['DR55(9.0)': 'DR50(7.0)': 'DR55(10.0)': 'DR56(5640.0)']
CATSREFNTGELFF	TRBV15	TRBJ2-2	3	TGTGCCACCAGCAGAGAGTTTAACACCGGGGAGCTGTTTTTT['DR25(521.0)': 'DR18(2.0)': 'DR12(1.0)']	['DR25(521.0)': 'DR18(2.0)': 'DR12(1.0)']
CASSLFAFNGVQYF	TRBV27	TRBJ2-7	3	TGTGCCAGCAGTTTATTTGCGTTTAATGGTGTGCAGTACTTC['DR12(1.0)': 'DR10(2501.0)': 'DR25(1.0)']	['DR12(1.0)': 'DR10(2501.0)': 'DR25(1.0)']
CASSLLTGRPYEQYF	TRBV27	TRBJ2-7	3	TGTGCCAGCAGTTTATTAACCGGCAGACCCTACGAGCAGTACTTC['DR25(3.0)': 'DR10(1.0)': 'DR10(3325.0)': 'DR23(3.0)']	['DR25(3.0)': 'DR10(1.0)': 'DR10(3325.0)': 'DR23(3.0)']
CASSLGPTQGYEQYF	TRBV12-4	TRBJ2-7	3	TGTGCCAGCAGCCTGGGACCGACACAGGGCTACGAGCAGTACTTC['DR10(2324.0)': 'DR26(1.0)': 'DR25(1.0)']	['DR10(2324.0)': 'DR26(1.0)': 'DR25(1.0)']
CASSLYRVGTDTQYF	TRBV5-4,TRBV5-5	TRBJ2-3	3	TGTGCCAGCAGCTTGTACAGGGTGGGAACAGATACGCAGTATTTT['DR12(1.0)': 'DR10(5610.0)': 'DR23(6.0)']	['DR12(1.0)': 'DR10(5610.0)': 'DR23(6.0)']
CASSRGGGYGYTF	TRBV3-1	TRBJ1-2	3	TGTGCCAGCAGCCGCGGGGGAGGCTATGGCTACACCTTC['DR10(4313.0)': 'DR26(1.0)': 'DR24(4.0)']	['DR10(4313.0)': 'DR26(1.0)': 'DR24(4.0)']
CASSRPEIQETQYF	TRBV7-2,TRBV7-9	TRBJ2-5	3	TGTGCCAGCAGTCGCCCAGAGATCCAAGAGACCCAGTACTTC['DR12(1.0)': 'DR24(6100.0)': 'DR23(2.0)': 'DR23(1.0)']	['DR12(1.0)': 'DR24(6100.0)': 'DR23(2.0)': 'DR23(1.0)']
CASSPPGIFAGDKYEQYF	TRBV18	TRBJ2-7	3	TGTGCCAGCTCACCACCAGGTATCTTCGCGGGGGATAAGTACGAGCAGTACTTC['DR10(523.0)'],TGTGCCAGCTCACCACCAGGTATCTTCGCAGGGGATAAGTACGAGCAGTACTTC['DR12(1.0)': 'DR10(5517.0)': 'DR25(3.0)']	['DR10(523.0)'],['DR12(1.0)': 'DR10(5517.0)': 'DR25(3.0)']
CASSSAGGYEQYF	TRBV27	TRBJ2-7	3	TGTGCCAGCAGTTCTGCGGGAGGATACGAGCAGTACTTC['DR25(2091.0)': 'DR25(7.0)': 'DR24(1.0)': 'DR10(3.0)']	['DR25(2091.0)': 'DR25(7.0)': 'DR24(1.0)': 'DR10(3.0)']
CASSSEPGEPRGYTF	TRBV18	TRBJ1-2	3	TGTGCCAGCTCATCCGAACCAGGGGAGCCTCGGGGCTACACCTTC['DR25(352.0)': 'DR26(1.0)'],TGTGCCAGCTCATCCGAACCAGGGGAGCCTCGTGGCTACACCTTC['DR26(2.0)': 'DR25(6110.0)': 'DR26(9.0)': 'DR18(10.0)']	['DR25(352.0)': 'DR26(1.0)'],['DR26(2.0)': 'DR25(6110.0)': 'DR26(9.0)': 'DR18(10.0)']
CASSPHRLTETYEQYF	TRBV12-4	TRBJ2-7	3	TGTGCCAGCAGTCCTCACCGCCTGACAGAGACCTACGAGCAGTACTTC['DR10(4067.0)': 'DR25(2.0)': 'DR26(1.0)']	['DR10(4067.0)': 'DR25(2.0)': 'DR26(1.0)']
CASSPGLAGYNEQFF	TRBV27	TRBJ2-1	3	TGTGCCAGCAGTCCGGGACTAGCGGGGTACAATGAGCAGTTCTTC['DR23(1.0)': 'DR24(3.0)': 'DR18(5.0)': 'DR24(2841.0)': 'DR18(1.0)']	['DR23(1.0)': 'DR24(3.0)': 'DR18(5.0)': 'DR24(2841.0)': 'DR18(1.0)']
CASSPGGPYEQYF	TRBV27	TRBJ2-7	3	TGTGCCAGCAGTCCAGGGGGCCCCTACGAGCAGTACTTC['DR26(3.0)': 'DR26(4747.0)': 'DR25(2.0)': 'DR26(512.0)': 'DR24(6.0)': 'DR25(1.0)'],TGTGCCAGCAGCCCAGGGGGCCCCTACGAGCAGTACTTC['DR26(722.0)']	['DR26(3.0)': 'DR26(4747.0)': 'DR25(2.0)': 'DR26(512.0)': 'DR24(6.0)': 'DR25(1.0)'],['DR26(722.0)']
CASSPDSGLALNEQFF	TRBV28	TRBJ2-1	3	TGTGCCAGCAGTCCCGACTCGGGACTAGCTTTGAATGAGCAGTTCTTC['DR10(3.0)': 'DR23(3.0)': 'DR24(9693.0)']	['DR10(3.0)': 'DR23(3.0)': 'DR24(9693.0)']
CASSLYRASTDTQYF	TRBV5-1	TRBJ2-3	3	TGCGCCAGCAGCTTGTATAGGGCTTCCACAGATACGCAGTATTTT['DR56(8649.0)': 'DR48(1.0)': 'DR55(19.0)']	['DR56(8649.0)': 'DR48(1.0)': 'DR55(19.0)']
CASSLGTNYGYTF	TRBV12-3	TRBJ1-2	3	TGTGCCAGCAGTTTAGGTACGAACTATGGCTACACCTTC['DR18(3890.0)': 'DR12(1.0)': 'DR26(10.0)']	['DR18(3890.0)': 'DR12(1.0)': 'DR26(10.0)']
CASSSRDRTTDTQYF	TRBV11-3	TRBJ2-3	3	TGTGCCAGCAGCTCAAGGGACAGAACCACAGATACGCAGTATTTT['DR23(1.0)': 'DR10(4.0)': 'DR24(6616.0)']	['DR23(1.0)': 'DR10(4.0)': 'DR24(6616.0)']
CASSSRDSPYEQYF	TRBV5-4	TRBJ2-7	3	TGTGCCAGCAGCTCCCGGGACAGCCCCTACGAGCAGTACTTC['DR18(3.0)': 'DR24(1.0)': 'DR23(1.0)': 'DR24(666.0)']	['DR18(3.0)': 'DR24(1.0)': 'DR23(1.0)': 'DR24(666.0)']
CASSTGPTERHTEAFF	TRBV19	TRBJ1-1	3	TGTGCCAGTAGTACCGGGCCGACGGAAAGGCACACTGAAGCTTTCTTT['DR18(7.0)': 'DR23(1.0)': 'DR24(2457.0)': 'DR18(2.0)': 'DR24(3.0)']	['DR18(7.0)': 'DR23(1.0)': 'DR24(2457.0)': 'DR18(2.0)': 'DR24(3.0)']
CASSLSTSGADTQYF	TRBV7-3	TRBJ2-3	3	TGTGCCAGCAGCTTATCAACTAGCGGGGCAGATACGCAGTATTTT['DR25(2.0)': 'DR25(3572.0)': 'DR10(6.0)': 'DR26(2.0)']	['DR25(2.0)': 'DR25(3572.0)': 'DR10(6.0)': 'DR26(2.0)']
CASSLSLALQETQYF	TRBV28	TRBJ2-5	3	TGTGCCAGCAGCTTATCTCTAGCGCTCCAAGAGACCCAGTACTTC['DR25(1.0)'],TGTGCCAGCAGTTTATCTCTAGCGCTCCAAGAGACCCAGTACTTC['DR26(1.0)': 'DR25(3.0)': 'DR10(2.0)': 'DR25(5131.0)': 'DR10(3.0)']	['DR25(1.0)'],['DR26(1.0)': 'DR25(3.0)': 'DR10(2.0)': 'DR25(5131.0)': 'DR10(3.0)']
CASSLRDTYYEQYF	TRBV11-2	TRBJ2-7	3	TGTGCCAGCAGCTTAAGGGACACCTACTACGAGCAGTACTTC['DR47(59169.0)': 'DR50(56.0)': 'DR48(135.0)']	['DR47(59169.0)': 'DR50(56.0)': 'DR48(135.0)']
CASSVQGERQPQHF	TRBV6-1	TRBJ1-5	3	TGTGCCAGCAGTGTACAGGGGGAGAGGCAGCCCCAGCATTTT['DR23(54.0)': 'DR23(8145.0)': 'DR18(6.0)': 'DR23(39.0)': 'DR26(6.0)': 'DR23(1.0)']	['DR23(54.0)': 'DR23(8145.0)': 'DR18(6.0)': 'DR23(39.0)': 'DR26(6.0)': 'DR23(1.0)']
CASSPSTDTQYF	TRBV12-4,TRBV12-3	TRBJ2-3	3	TGTGCCAGCAGTCCATCCACAGATACGCAGTATTTT['DR10(2328.0)': 'DR12(3.0)': 'DR23(2.0)']	['DR10(2328.0)': 'DR12(3.0)': 'DR23(2.0)']
CASSLGTSSDEQFF	TRBV12-4	TRBJ2-1	3	TGTGCCAGCAGTCTCGGGACTAGTTCCGATGAGCAGTTCTTC['DR26(1.0)': 'DR25(2821.0)': 'DR25(3.0)': 'DR10(6.0)']	['DR26(1.0)': 'DR25(2821.0)': 'DR25(3.0)': 'DR10(6.0)']
CSVVVPTVTLEAFF	TRBV29-1	TRBJ1-1	3	TGTAGCGTTGTTGTCCCGACAGTCACCCTAGAAGCTTTCTTT['DR23(1.0)'],TGCAGCGTTGTTGTCCCGACAGTCACCCTAGAAGCTTTCTTT['DR10(2.0)': 'DR25(2.0)': 'DR10(2860.0)': 'DR23(3.0)']	['DR23(1.0)'],['DR10(2.0)': 'DR25(2.0)': 'DR10(2860.0)': 'DR23(3.0)']
CASSQEAGGPETQYF	TRBV4-2	TRBJ2-5	3	TGTGCCAGCAGCCAAGAAGCGGGAGGGCCAGAGACCCAGTACTTC['DR25(5.0)': 'DR25(5998.0)': 'DR10(6.0)': 'DR24(1.0)']	['DR25(5.0)': 'DR25(5998.0)': 'DR10(6.0)': 'DR24(1.0)']
CASSGGDLYSPLHF	TRBV9	TRBJ1-6	3	TGTGCCAGCAGCGGAGGGGATTTGTATTCACCCCTCCACTTT['DR25(1.0)': 'DR10(1.0)': 'DR23(2.0)': 'DR10(1405.0)']	['DR25(1.0)': 'DR10(1.0)': 'DR23(2.0)': 'DR10(1405.0)']
CASSESSNYGYTF	TRBV28	TRBJ1-2	3	TGTGCCAGCTCGGAAAGCTCAAACTATGGCTACACCTTC['DR50(14.0)': 'DR47(19554.0)': 'DR48(46.0)']	['DR50(14.0)': 'DR47(19554.0)': 'DR48(46.0)']
CASKPGQGSHEQYF	TRBV6-1	TRBJ2-7	3	TGTGCCAGTAAACCTGGACAGGGGTCGCACGAGCAGTACTTC['DR10(2504.0)': 'DR25(3.0)': 'DR12(1.0)']	['DR10(2504.0)': 'DR25(3.0)': 'DR12(1.0)']
CASSEPPDRKYNEQFF	TRBV19	TRBJ2-1	3	TGTGCCAGTAGCGAGCCCCCGGACAGAAAATACAATGAGCAGTTCTTC['DR23(1.0)': 'DR24(4135.0)': 'DR18(4.0)': 'DR24(301.0)']	['DR23(1.0)': 'DR24(4135.0)': 'DR18(4.0)': 'DR24(301.0)']
CASLNYQPQHF	TRBV6-1	TRBJ1-5	3	TGTGCCAGCCTTAATTATCAGCCCCAGCATTTT['DR12(16.0)': 'DR26(3.0)': 'DR10(2.0)': 'DR10(5220.0)']	['DR12(16.0)': 'DR26(3.0)': 'DR10(2.0)': 'DR10(5220.0)']
CASSDTGNHYEQYF	TRBV2	TRBJ2-7	3	TGTGCCAGCAGTGATACCGGGAATCACTACGAGCAGTACTTC['DR25(3431.0)': 'DR26(2.0)': 'DR10(4.0)': 'DR25(5.0)']	['DR25(3431.0)': 'DR26(2.0)': 'DR10(4.0)': 'DR25(5.0)']
CASSDTDTQYF	TRBV27	TRBJ2-3	3	TGTGCCAGCAGTGACACAGATACGCAGTATTTT['DR24(1.0)': 'DR25(1.0)': 'DR10(2197.0)']	['DR24(1.0)': 'DR25(1.0)': 'DR10(2197.0)']
CASRGLAGESDTQYF	TRBV2	TRBJ2-3	3	TGTGCCAGCAGAGGACTAGCGGGGGAGAGTGATACGCAGTATTTT['DR23(1.0)': 'DR18(2.0)': 'DR18(13.0)': 'DR24(4.0)': 'DR24(5238.0)']	['DR23(1.0)': 'DR18(2.0)': 'DR18(13.0)': 'DR24(4.0)': 'DR24(5238.0)']
CASRPTLDLRSYEQYF	TRBV27	TRBJ2-7	3	TGTGCCAGCAGACCCACCCTCGACCTCCGCTCCTACGAGCAGTACTTC['DR23(2.0)': 'DR18(2.0)': 'DR18(22.0)': 'DR24(8608.0)': 'DR24(3.0)': 'DR23(1.0)']	['DR23(2.0)': 'DR18(2.0)': 'DR18(22.0)': 'DR24(8608.0)': 'DR24(3.0)': 'DR23(1.0)']
CASSDRLRNIQYF	TRBV27,TRBV6-2	TRBJ2-4	3	TGTGCCAGCAGCGACAGGCTACGAAACATTCAGTACTTC['DR12(8.0)': 'DR24(4.0)': 'DR10(1.0)': 'DR12(1.0)': 'DR10(5066.0)']	['DR12(8.0)': 'DR24(4.0)': 'DR10(1.0)': 'DR12(1.0)': 'DR10(5066.0)']
CSVEPMNTGELFF	TRBV29-1	TRBJ2-2	3	TGCAGCGTTGAGCCGATGAACACCGGGGAGCTGTTTTTT['DR25(1.0)': 'DR12(2.0)': 'DR10(2585.0)']	['DR25(1.0)': 'DR12(2.0)': 'DR10(2585.0)']
CSVEEDYEQYF	TRBV29-1	TRBJ2-7	3	TGCAGCGTCGAGGAGGACTACGAGCAGTACTTC['DR25(123.0)'],TGCAGCGTCGAAGAGGACTACGAGCAGTACTTC['DR10(4.0)': 'DR26(1.0)': 'DR25(3269.0)']	['DR25(123.0)'],['DR10(4.0)': 'DR26(1.0)': 'DR25(3269.0)']
CATTRGVFYEQYF	TRBV28	TRBJ2-7	3	TGTGCCACAACCCGCGGGGTATTCTACGAGCAGTACTTC['DR10(4.0)': 'DR25(4118.0)': 'DR12(2.0)': 'DR25(8.0)']	['DR10(4.0)': 'DR25(4118.0)': 'DR12(2.0)': 'DR25(8.0)']
CSAYGTGGDRDRTDTQYF	TRBV20-1	TRBJ2-3	3	TGCAGTGCCTACGGGACAGGGGGCGATCGGGACCGCACAGATACGCAGTATTTT['DR26(56.0)': 'DR23(11875.0)': 'DR18(9.0)']	['DR26(56.0)': 'DR23(11875.0)': 'DR18(9.0)']
CASSAGTGPYEQYF	TRBV5-6,TRBV19	TRBJ2-7	3	TGTGCCAGTAGTGCCGGGACAGGACCCTACGAGCAGTACTTC['DR25(1.0)'],TGTGCCAGTAGTGCCGGGACAGGGCCCTACGAGCAGTACTTC['DR10(3073.0)': 'DR24(2.0)': 'DR10(2801.0)': 'DR24(1.0)': 'DR25(1.0)']	['DR25(1.0)'],['DR10(3073.0)': 'DR24(2.0)': 'DR10(2801.0)': 'DR24(1.0)': 'DR25(1.0)']
CSGLEGGYEQYF	TRBV20-1	TRBJ2-7	3	TGCAGTGGGTTGGAGGGGGGCTACGAGCAGTACTTC['DR18(1.0)': 'DR23(7.0)': 'DR23(1940.0)': 'DR26(1.0)']	['DR18(1.0)': 'DR23(7.0)': 'DR23(1940.0)': 'DR26(1.0)']
CASRSYEQYF	TRBV6-1,TRBV6-2,TRBV6-6,TRBV28	TRBJ2-7	3	TGTGCCAGCAGAAGCTACGAGCAGTACTTC['DR10(3458.0)': 'DR10(1.0)': 'DR23(3.0)': 'DR12(5.0)'],TGCGCCAGCAGAAGCTACGAGCAGTACTTC['DR23(1.0)']	['DR10(3458.0)': 'DR10(1.0)': 'DR23(3.0)': 'DR12(5.0)'],['DR23(1.0)']
CASSEQGYTDTQYF	TRBV2	TRBJ2-3	3	TGTGCCAGCAGTGAACAAGGTTACACAGATACGCAGTATTTT['DR26(1.0)': 'DR26(2.0)': 'DR12(2.0)': 'DR10(2654.0)']	['DR26(1.0)': 'DR26(2.0)': 'DR12(2.0)': 'DR10(2654.0)']
CASSEGLNSYNEQFF	TRBV2	TRBJ2-1	3	TGTGCCAGCAGTGAAGGGCTGAACTCCTACAATGAGCAGTTCTTC['DR23(1.0)': 'DR24(1.0)': 'DR26(2205.0)'],TGTGCCAGCAGTGAAGGGCTGAACTCCTACAATGAGCAGTTTTTC['DR26(110.0)']	['DR23(1.0)': 'DR24(1.0)': 'DR26(2205.0)'],['DR26(110.0)']
CASKGELAATYEQYF	TRBV27	TRBJ2-7	3	TGTGCCAGCAAAGGAGAACTAGCGGCCACCTACGAGCAGTACTTC['DR24(2.0)': 'DR10(1908.0)': 'DR26(2.0)']	['DR24(2.0)': 'DR10(1908.0)': 'DR26(2.0)']
CASSFGLAPNEQFF	TRBV7-9	TRBJ2-1	3	TGTGCCAGCAGCTTTGGACTAGCCCCCAATGAGCAGTTCTTC['DR26(6.0)': 'DR25(2028.0)': 'DR25(4.0)': 'DR10(1.0)']	['DR26(6.0)': 'DR25(2028.0)': 'DR25(4.0)': 'DR10(1.0)']
CSAEQALQGSGGELFF	TRBV20-1	TRBJ2-2	3	TGCAGTGCTGAACAGGCCCTACAGGGTAGCGGCGGGGAGCTGTTTTTT['DR24(3.0)': 'DR18(3.0)': 'DR18(33.0)': 'DR24(12094.0)': 'DR23(2.0)'],TGCAGTGCTGAACAGGCCCTGCAGGGTAGCGGCGGGGAGCTGTTTTTT['DR18(1.0)']	['DR24(3.0)': 'DR18(3.0)': 'DR18(33.0)': 'DR24(12094.0)': 'DR23(2.0)'],['DR18(1.0)']
CASSFPSGNTDTQYF	TRBV28	TRBJ2-3	3	TGTGCCAGCAGCTTTCCTAGCGGAAACACAGATACGCAGTATTTT['DR25(827.0)': 'DR26(3.0)': 'DR18(4.0)'],TGTGCCAGCAGTTTTCCTAGCGGAAACACAGATACGCAGTATTTT['DR26(1.0)': 'DR18(2.0)': 'DR25(1136.0)': 'DR26(2.0)']	['DR25(827.0)': 'DR26(3.0)': 'DR18(4.0)'],['DR26(1.0)': 'DR18(2.0)': 'DR25(1136.0)': 'DR26(2.0)']
CAISPRFRTEKLFF	TRBV10-3	TRBJ1-4	3	TGTGCCATCAGTCCACGGTTCCGGACAGAAAAACTGTTTTTT['DR12(1.0)': 'DR10(651.0)': 'DR25(3.0)']	['DR12(1.0)': 'DR10(651.0)': 'DR25(3.0)']
CARSGPQSDEQFF	TRBV19	TRBJ2-1	3	TGTGCCAGGTCCGGGCCTCAGAGCGATGAGCAGTTCTTC['DR10(768.0)': 'DR26(1.0)': 'DR24(1.0)']	['DR10(768.0)': 'DR26(1.0)': 'DR24(1.0)']
CSAGTGVSEQYF	TRBV20-1	TRBJ2-7	3	TGCAGTGCCGGGACAGGGGTGTCCGAGCAGTACTTC['DR12(2.0)': 'DR26(2.0)': 'DR23(2425.0)']	['DR12(2.0)': 'DR26(2.0)': 'DR23(2425.0)']
CSARDRDGSHEQFF	TRBV20-1	TRBJ2-1	3	TGCAGTGCTAGAGATCGTGACGGGAGCCATGAGCAGTTCTTC['DR10(7110.0)': 'DR26(1.0)': 'DR12(1.0)']	['DR10(7110.0)': 'DR26(1.0)': 'DR12(1.0)']
CSVVLAGGTTPGELFF	TRBV29-1	TRBJ2-2	3	TGCAGCGTTGTCCTAGCGGGAGGGACTACCCCCGGGGAGCTGTTTTTT['DR10(5.0)': 'DR25(6272.0)': 'DR10(3.0)': 'DR25(5.0)': 'DR26(2.0)']	['DR10(5.0)': 'DR25(6272.0)': 'DR10(3.0)': 'DR25(5.0)': 'DR26(2.0)']
CASKGAGEADTQYF	TRBV19	TRBJ2-3	3	TGTGCCAGTAAGGGAGCGGGAGAAGCAGATACGCAGTATTTT['DR48(4015.0)': 'DR56(158.0)'],TGTGCCAGTAAGGGAGCGGGAGAAGCAGATACGCAGTACTTT['DR50(2.0)']	['DR48(4015.0)': 'DR56(158.0)'],['DR50(2.0)']
CASSSGTGIGETQYF	TRBV27	TRBJ2-5	2	TGTGCCAGCAGCTCCGGGACAGGGATAGGGGAGACCCAGTACTTC['DR25(568.0)': 'DR10(2.0)']	['DR25(568.0)': 'DR10(2.0)']
CSVGTGNTEAFF	TRBV29-1	TRBJ1-1	2	TGCAGCGTTGGGACAGGGAACACTGAAGCTTTCTTT['DR10(5499.0)': 'DR23(17.0)'],TGCAGCGTTGGGACAGGGAACACGGAAGCTTTCTTT['DR23(1.0)']	['DR10(5499.0)': 'DR23(17.0)'],['DR23(1.0)']
CASSQGGGLATEAFF	TRBV14	TRBJ1-1	2	TGTGCCAGCAGCCAAGGGGGGGGACTGGCCACTGAAGCTTTCTTT['DR23(1898.0)': 'DR18(3.0)']	['DR23(1898.0)': 'DR18(3.0)']
CASSVAAASASYEQYF	TRBV9	TRBJ2-7	2	TGTGCCAGCAGCGTAGCAGCGGCTAGCGCCTCCTACGAGCAGTACTTC['DR24(3.0)': 'DR18(334.0)']	['DR24(3.0)': 'DR18(334.0)']
CSVTQGIDTEAFF	TRBV29-1	TRBJ1-1	2	TGCAGCGTGACACAGGGTATCGACACTGAAGCTTTCTTT['DR26(2.0)': 'DR26(1.0)': 'DR25(745.0)']	['DR26(2.0)': 'DR26(1.0)': 'DR25(745.0)']
CASSRDLNPYEQYF	TRBV27	TRBJ2-7	2	TGTGCCAGCAGCCGGGACCTCAACCCTTACGAGCAGTACTTC['DR10(2047.0)': 'DR23(3.0)']	['DR10(2047.0)': 'DR23(3.0)']
CASSTGRDTLYEQYF	TRBV4-3	TRBJ2-7	2	TGCGCCAGCAGTACGGGCCGGGACACTCTTTACGAGCAGTACTTC['DR25(360.0)': 'DR10(1.0)']	['DR25(360.0)': 'DR10(1.0)']
CSVSGGQAYEQYF	TRBV29-1	TRBJ2-7	2	TGCAGCGTTAGCGGGGGGCAAGCTTACGAGCAGTACTTC['DR10(2084.0)': 'DR25(1.0)': 'DR10(3.0)']	['DR10(2084.0)': 'DR25(1.0)': 'DR10(3.0)']
CSVAQLGSEAFF	TRBV29-1	TRBJ1-1	2	TGCAGCGTTGCTCAACTGGGGTCTGAAGCTTTCTTT['DR25(2382.0)': 'DR10(3.0)': 'DR25(2.0)']	['DR25(2382.0)': 'DR10(3.0)': 'DR25(2.0)']
CASSSTVDEQYF	TRBV27	TRBJ2-7	2	TGTGCCAGCAGTTCCACCGTTGACGAGCAGTACTTC['DR24(1532.0)': 'DR18(2.0)']	['DR24(1532.0)': 'DR18(2.0)']
CASSQGTGAVYEQYF	TRBV4-2	TRBJ2-7	2	TGTGCCAGCAGCCAAGGTACAGGGGCGGTCTACGAGCAGTACTTC['DR24(1.0)': 'DR10(1115.0)'],TGTGCCAGCAGCCAAGGTACAGGGGCGGTCTATGAGCAGTACTTC['DR10(54.0)']	['DR24(1.0)': 'DR10(1115.0)'],['DR10(54.0)']
CASSQSDRTLYNEQFF	TRBV7-9	TRBJ2-1	2	TGTGCCAGCAGTCAATCGGACAGGACCCTATACAATGAGCAGTTCTTT['DR25(313.0)'],TGTGCCAGCAGTCAATCGGACAGGACCCTATACAATGAGCAGTTCTTC['DR25(3564.0)': 'DR10(7.0)']	['DR25(313.0)'],['DR25(3564.0)': 'DR10(7.0)']
CASSSRAVRAQYF	TRBV11-2	TRBJ2-5	2	TGTGCCAGCAGTTCCAGGGCCGTGCGGGCCCAGTACTTC['DR26(1.0)': 'DR25(2331.0)']	['DR26(1.0)': 'DR25(2331.0)']
CSVNIRDTQYF	TRBV29-1	TRBJ2-3	2	TGCAGCGTCAATATAAGAGATACGCAGTATTTT['DR26(6181.0)': 'DR12(1.0)']	['DR26(6181.0)': 'DR12(1.0)']
CASSSLGAGSYEQYF	TRBV7-8	TRBJ2-7	2	TGTGCCAGCAGCTCCCTCGGGGCTGGGTCCTACGAGCAGTACTTC['DR24(961.0)': 'DR23(1.0)']	['DR24(961.0)': 'DR23(1.0)']
CSVETRGGPGETQYF	TRBV29-1	TRBJ2-5	2	TGCAGCGTTGAAACGAGGGGAGGGCCGGGAGAGACCCAGTACTTC['DR10(3346.0)': 'DR26(2.0)': 'DR10(2.0)']	['DR10(3346.0)': 'DR26(2.0)': 'DR10(2.0)']
CASSVEGRVYNEQFF	TRBV9	TRBJ2-1	2	TGTGCCAGCAGCGTAGAGGGGAGGGTCTACAATGAGCAGTTCTTC['DR50(2323.0)': 'DR56(2.0)']	['DR50(2323.0)': 'DR56(2.0)']
CASSSGQGDTGELFF	TRBV28	TRBJ2-2	2	TGTGCCAGCAGTTCGGGACAGGGAGACACCGGGGAGCTGTTTTTT['DR55(78.0)': 'DR56(5698.0)': 'DR56(39776.0)']	['DR55(78.0)': 'DR56(5698.0)': 'DR56(39776.0)']
CASSSGTPSGEQYF	TRBV7-9	TRBJ2-7	2	TGTGCCAGCAGCTCCGGGACACCTTCGGGCGAGCAGTACTTC['DR10(2611.0)': 'DR26(2.0)']	['DR10(2611.0)': 'DR26(2.0)']
CASSQTSGGPWGTDTQYF	TRBV7-6	TRBJ2-3	2	TGTGCCAGCAGCCAGACTAGCGGGGGGCCGTGGGGCACAGATACGCAGTATTTT['DR26(4858.0)': 'DR25(2.0)': 'DR25(4.0)']	['DR26(4858.0)': 'DR25(2.0)': 'DR25(4.0)']
CSVEVTGLQNTGELFF	TRBV29-1	TRBJ2-2	2	TGCAGCGTTGAGGTCACGGGACTCCAGAACACCGGGGAGCTGTTTTTT['DR23(8.0)': 'DR10(6502.0)']	['DR23(8.0)': 'DR10(6502.0)']
CSVVDSSYEQYF	TRBV29-1	TRBJ2-7	2	TGCAGCGTTGTCGACAGCTCCTACGAGCAGTACTTC['DR23(2547.0)': 'DR26(1.0)']	['DR23(2547.0)': 'DR26(1.0)']
CASSVDGGQPQHF	TRBV9	TRBJ1-5	2	TGTGCCAGCAGCGTAGACGGAGGTCAGCCCCAGCATTTT['DR12(4.0)': 'DR10(384.0)']	['DR12(4.0)': 'DR10(384.0)']
CASSVRDSYEQYF	TRBV9	TRBJ2-7	2	TGTGCCAGCAGCGTAAGGGACAGCTACGAGCAGTACTTC['DR25(1.0)': 'DR10(1.0)': 'DR25(619.0)']	['DR25(1.0)': 'DR10(1.0)': 'DR25(619.0)']
CSVAGQEDHAYEQYF	TRBV29-1	TRBJ2-7	2	TGCAGCGTTGCCGGACAGGAGGACCATGCCTACGAGCAGTACTTC['DR25(1.0)': 'DR10(1504.0)']	['DR25(1.0)': 'DR10(1504.0)']
CATSDGDPVQETQYF	TRBV24-1	TRBJ2-5	2	TGTGCCACCAGTGATGGGGACCCAGTCCAAGAGACCCAGTACTTC['DR25(2426.0)': 'DR10(3.0)']	['DR25(2426.0)': 'DR10(3.0)']
CASTVPADSSTGELFF	TRBV23-1	TRBJ2-2	2	TGCGCCAGCACCGTCCCGGCAGACAGCTCCACCGGGGAGCTGTTTTTT['DR25(3.0)': 'DR10(4003.0)': 'DR25(2.0)']	['DR25(3.0)': 'DR10(4003.0)': 'DR25(2.0)']
CASWGPYEQYF	TRBV27	TRBJ2-7	2	TGTGCCAGCTGGGGCCCCTACGAGCAGTACTTC['DR10(1.0)': 'DR10(1480.0)': 'DR26(2.0)']	['DR10(1.0)': 'DR10(1480.0)': 'DR26(2.0)']
CSARDTAQGGGGNQPQHF	TRBV20-1	TRBJ1-5	2	TGCAGTGCTAGAGATACAGCGCAGGGAGGTGGGGGGAATCAGCCCCAGCATTTT['DR18(1.0)': 'DR18(5.0)': 'DR24(2302.0)']	['DR18(1.0)': 'DR18(5.0)': 'DR24(2302.0)']
CSARDMLAASYEQYF	TRBV20-1	TRBJ2-7	2	TGCAGTGCTAGAGATATGCTAGCGGCCTCCTACGAGCAGTACTTC['DR18(2.0)': 'DR23(1.0)': 'DR18(1720.0)']	['DR18(2.0)': 'DR23(1.0)': 'DR18(1720.0)']
CSARAETKNIQYF	TRBV20-1	TRBJ2-4	2	TGCAGTGCTAGGGCTGAAACCAAAAACATTCAGTACTTC['DR10(144.0)'],TGCAGTGCTAGGGCTGAAACCAAAAACATCCAGTACTTC['DR12(2.0)': 'DR10(191.0)']	['DR10(144.0)'],['DR12(2.0)': 'DR10(191.0)']
CSAKGFGHVQGRTYEQYF	TRBV20-1	TRBJ2-7	2	TGCAGTGCCAAGGGGTTCGGACACGTTCAAGGGAGAACCTACGAGCAGTACTTC['DR10(3136.0)': 'DR10(1.0)': 'DR25(1.0)']	['DR10(3136.0)': 'DR10(1.0)': 'DR25(1.0)']
CSAIWDNYEQYF	TRBV29-1	TRBJ2-7	2	TGCAGCGCAATCTGGGACAACTACGAGCAGTACTTC['DR10(6760.0)': 'DR12(2.0)']	['DR10(6760.0)': 'DR12(2.0)']
CASTPSGNEQFF	TRBV19	TRBJ2-1	2	TGTGCCAGTACCCCTAGCGGAAATGAGCAGTTCTTC['DR10(2.0)': 'DR25(1326.0)': 'DR25(2.0)']	['DR10(2.0)': 'DR25(1326.0)': 'DR25(2.0)']
CATSDLGRTIPQETQYF	TRBV24-1	TRBJ2-5	2	TGTGCCACCAGTGATTTGGGACGGACTATCCCGCAAGAGACCCAGTACTTC['DR18(1.0)': 'DR10(1.0)': 'DR10(2369.0)']	['DR18(1.0)': 'DR10(1.0)': 'DR10(2369.0)']
CATSDLQGGAFF	TRBV24-1	TRBJ1-1	2	TGTGCCACCAGTGATTTGCAGGGAGGCGCTTTCTTT['DR26(2.0)': 'DR25(3408.0)': 'DR26(1.0)']	['DR26(2.0)': 'DR25(3408.0)': 'DR26(1.0)']
CATSDSGLAEREQFF	TRBV24-1	TRBJ2-1	2	TGTGCCACCAGTGATTCGGGACTAGCGGAAAGGGAGCAGTTCTTC['DR25(11.0)': 'DR18(1646.0)']	['DR25(11.0)': 'DR18(1646.0)']
CSAGGGLVNEQFF	TRBV29-1	TRBJ2-1	2	TGCAGCGCCGGAGGGGGGCTGGTCAATGAGCAGTTCTTC['DR24(1578.0)': 'DR23(1.0)']	['DR24(1578.0)': 'DR23(1.0)']
CSAGDYNEQFF	TRBV20-1	TRBJ2-1	2	TGCAGTGCTGGGGACTACAATGAGCAGTTCTTC['DR23(2970.0)': 'DR18(1.0)']	['DR23(2970.0)': 'DR18(1.0)']
CSAEERGTYNEQFF	TRBV20-1	TRBJ2-1	2	TGCAGTGCCGAAGAGCGGGGGACCTACAATGAGCAGTTCTTC['DR10(1.0)': 'DR25(239.0)': 'DR25(1.0)']	['DR10(1.0)': 'DR25(239.0)': 'DR25(1.0)']
CASTRTRGGYQETQYF	TRBV6-6	TRBJ2-5	2	TGTGCCAGCACCCGAACCCGCGGTGGGTACCAAGAGACCCAGTACTTC['DR26(1827.0)': 'DR25(2.0)']	['DR26(1827.0)': 'DR25(2.0)']
CASTPRVGGELFF	TRBV7-7,TRBV7-6	TRBJ2-2	2	TGTGCCAGCACCCCAAGAGTTGGGGGTGAGCTGTTTTTT['DR25(398.0)': 'DR10(1.0)']	['DR25(398.0)': 'DR10(1.0)']
CASSVGPGVGQPQHF	TRBV9	TRBJ1-5	2	TGTGCCAGCAGCGTAGGTCCCGGGGTCGGGCAGCCCCAGCATTTT['DR25(2.0)': 'DR10(781.0)']	['DR25(2.0)': 'DR10(781.0)']
CSASRDAGQPQHF	TRBV20-1	TRBJ1-5	2	TGCAGTGCTAGCAGGGATGCGGGGCAGCCCCAGCATTTT['DR10(4.0)': 'DR24(2421.0)']	['DR10(4.0)': 'DR24(2421.0)']
CASSVGQGAYEQYF	TRBV9	TRBJ2-7	2	TGTGCCAGCAGCGTCGGTCAGGGGGCCTACGAGCAGTACTTC['DR12(1.0)': 'DR10(6283.0)']	['DR12(1.0)': 'DR10(6283.0)']
CSATGTGINEQFF	TRBV29-1	TRBJ2-1	2	TGCAGCGCCACGGGGACAGGGATCAATGAGCAGTTCTTC['DR10(5.0)': 'DR25(3647.0)']	['DR10(5.0)': 'DR25(3647.0)']
CASSVSSTWGETQYF	TRBV9	TRBJ2-5	2	TGTGCCAGCAGCGTGAGCTCTACTTGGGGAGAGACCCAGTACTTT['DR18(1.0)'],TGTGCCAGCAGCGTGAGCTCTACTTGGGGAGAGACCCAGTACTTC['DR18(3.0)': 'DR24(2.0)': 'DR18(2.0)': 'DR24(1945.0)']	['DR18(1.0)'],['DR18(3.0)': 'DR24(2.0)': 'DR18(2.0)': 'DR24(1945.0)']
CASSWGTSGGGYNEQFF	TRBV13	TRBJ2-1	2	TGTGCCAGCAGCTGGGGGACTAGCGGGGGGGGCTACAATGAGCAGTTCTTC['DR24(2275.0)': 'DR24(1.0)': 'DR18(7.0)']	['DR24(2275.0)': 'DR24(1.0)': 'DR18(7.0)']
CSASYGKGGNEQFF	TRBV20-1	TRBJ2-1	2	TGCAGTGCTAGTTACGGGAAGGGGGGGAATGAGCAGTTCTTC['DR25(399.0)': 'DR26(1.0)']	['DR25(399.0)': 'DR26(1.0)']
CASSYAGGSFDIQYF	TRBV6-5	TRBJ2-4	2	TGTGCCAGCAGTTACGCGGGAGGAAGTTTCGACATTCAGTACTTC['DR23(3.0)': 'DR10(7346.0)']	['DR23(3.0)': 'DR10(7346.0)']
CASSYGRQGLSEAFF	TRBV6-5	TRBJ1-1	2	TGTGCCAGCAGTTACGGGCGACAGGGGCTATCTGAAGCTTTCTTT['DR10(72.0)': 'DR25(3.0)': 'DR10(1818.0)']	['DR10(72.0)': 'DR25(3.0)': 'DR10(1818.0)']
CSARDTVLNYGYTF	TRBV20-1	TRBJ1-2	2	TGCAGTGCTAGAGATACGGTTCTGAACTATGGTTACACCTTC['DR12(11.0)'],TGCAGTGCTAGAGATACGGTTCTGAACTATGGCTACACCTTC['DR12(187.0)': 'DR12(70.0)': 'DR23(1.0)': 'DR12(111.0)']	['DR12(11.0)'],['DR12(187.0)': 'DR12(70.0)': 'DR23(1.0)': 'DR12(111.0)']
CSARQGYEQYF	TRBV20-1	TRBJ2-7	2	TGCAGTGCTAGACAGGGCTACGAGCAGTACTTC['DR18(6.0)': 'DR24(1377.0)']	['DR18(6.0)': 'DR24(1377.0)']
CASSYLAEPPREQYF	TRBV2,TRBV6-2	TRBJ2-7	2	TGTGCCAGCAGCTATCTAGCGGAGCCCCCCCGCGAGCAGTACTTC['DR10(910.0)': 'DR24(6.0)']	['DR10(910.0)': 'DR24(6.0)']
CASSYLAPDEAFF	TRBV6-6	TRBJ1-1	2	TGTGCCAGCAGTTACTTGGCCCCTGATGAAGCTTTCTTT['DR56(23.0)': 'DR55(36.0)': 'DR55(15952.0)']	['DR56(23.0)': 'DR55(36.0)': 'DR55(15952.0)']
CASSYLGSGANVLTF	TRBV27	TRBJ2-6	2	TGTGCCAGCAGTTACCTCGGGTCTGGGGCCAACGTCCTGACTTTT['DR25(1.0)'],TGTGCCAGCAGTTACCTCGGGTCTGGGGCCAACGTCCTGACTTTC['DR25(2440.0)': 'DR10(2.0)']	['DR25(1.0)'],['DR25(2440.0)': 'DR10(2.0)']
CASSYSQGGGGELFF	TRBV6-5	TRBJ2-2	2	TGTGCCAGCAGTTACTCGCAGGGGGGAGGCGGGGAGCTGTTTTTT['DR26(2.0)': 'DR25(193.0)']	['DR26(2.0)': 'DR25(193.0)']
CSARDWQASFPYEQYF	TRBV20-1	TRBJ2-7	2	TGCAGTGCTAGAGATTGGCAGGCCAGCTTTCCCTACGAGCAGTACTTC['DR10(5044.0)': 'DR25(1.0)']	['DR10(5044.0)': 'DR25(1.0)']
CATSDDRVGERFF	TRBV24-1	TRBJ2-1	2	TGCGCCACCAGTGATGACAGGGTGGGCGAGCGGTTCTTT['DR18(1.0)'],TGTGCTACCAGTGATGACAGGGTAGGCGAGCGGTTCTTC['DR18(1.0)'],TGTGCAACCAGTGATGACAGGGTGGGCGAGCGGTTCTTC['DR26(1.0)']	['DR18(1.0)'],['DR18(1.0)'],['DR26(1.0)']
CAGGQGPYSGANVLTF	TRBV19	TRBJ2-6	2	TGTGCCGGAGGACAGGGGCCTTACTCTGGGGCCAACGTCCTGACTTTC['DR10(4215.0)': 'DR23(22.0)']	['DR10(4215.0)': 'DR23(22.0)']
CASSQEPAATGWGNEQFF	TRBV4-1	TRBJ2-1	2	TGCGCCAGCAGCCAAGAACCGGCAGCGACGGGCTGGGGCAATGAGCAGTTCTTC['DR25(1.0)': 'DR25(337.0)': 'DR10(2.0)']	['DR25(1.0)': 'DR25(337.0)': 'DR10(2.0)']
CASSQDYRVITGELFF	TRBV4-1	TRBJ2-2	2	TGCGCCAGCAGCCAAGATTACAGGGTGATCACCGGGGAGCTGTTTTTT['DR10(658.0)': 'DR26(1.0)']	['DR10(658.0)': 'DR26(1.0)']
CASSEVAAGVSRYEQFF	TRBV2	TRBJ2-1	2	TGTGCCAGCAGTGAAGTGGCTGCGGGAGTAAGTCGGTATGAGCAGTTCTTC['DR48(26.0)': 'DR47(8762.0)']	['DR48(26.0)': 'DR47(8762.0)']
CASSEWRGSNTGELFF	TRBV2	TRBJ2-2	2	TGTGCCAGCAGTGAATGGAGGGGCTCGAACACCGGGGAGCTGTTTTTT['DR10(1540.0)': 'DR25(1.0)']	['DR10(1540.0)': 'DR25(1.0)']
CASSFGADTQYF	TRBV28	TRBJ2-3	2	TGTGCCAGCAGTTTCGGGGCAGATACGCAGTATTTT['DR23(4.0)': 'DR10(7095.0)']	['DR23(4.0)': 'DR10(7095.0)']
CASSFGGASGVSETQYF	TRBV28	TRBJ2-5	2	TGTGCCAGCAGTTTTGGGGGGGCTAGTGGTGTCTCAGAGACCCAGTACTTC['DR18(9.0)': 'DR24(2588.0)']	['DR18(9.0)': 'DR24(2588.0)']
CASSFGQLKNIQYF	TRBV28	TRBJ2-4	2	TGTGCCAGCAGTTTTGGGCAGCTGAAAAACATTCAGTACTTC['DR23(1.0)': 'DR18(259.0)': 'DR18(1970.0)']	['DR23(1.0)': 'DR18(259.0)': 'DR18(1970.0)']
CASSFGSSGQGAYGYTF	TRBV27	TRBJ1-2	2	TGTGCCAGCAGTTTCGGAAGTTCAGGACAGGGTGCCTATGGCTACACCTTC['DR25(1627.0)': 'DR18(1.0)']	['DR25(1627.0)': 'DR18(1.0)']
CASSFMTGRETQYF	TRBV28	TRBJ2-5	2	TGTGCCAGCAGTTTTATGACAGGGCGAGAGACCCAGTACTTC['DR23(2.0)'],TGTGCCAGCAGTTTTATGACAGGGCGGGAGACCCAGTACTTC['DR23(3944.0)': 'DR23(27.0)': 'DR23(50.0)': 'DR26(4.0)']	['DR23(2.0)'],['DR23(3944.0)': 'DR23(27.0)': 'DR23(50.0)': 'DR26(4.0)']
CASSFRGGADEQFF	TRBV13	TRBJ2-1	2	TGTGCCAGCAGCTTCCGCGGGGGGGCCGATGAGCAGTTCTTC['DR56(374.0)': 'DR55(102844.0)': 'DR56(189.0)': 'DR55(41662.0)']	['DR56(374.0)': 'DR55(102844.0)': 'DR56(189.0)': 'DR55(41662.0)']
CASSFRGPSTDRGFHF	TRBV27	TRBJ2-7	2	TGTGCCAGCAGTTTTAGGGGACCCTCTACGGACAGGGGGTTTCACTTC['DR10(1915.0)': 'DR26(1.0)']	['DR10(1915.0)': 'DR26(1.0)']
CASSFVAAGGSGNTIYF	TRBV7-2	TRBJ1-3	2	TGTGCCAGCAGCTTCGTTGCCGCAGGGGGCAGTGGAAACACCATATATTTT['DR55(4299.0)': 'DR56(10.0)']	['DR55(4299.0)': 'DR56(10.0)']
CASSFYLDVLWNLPETQYF	TRBV28	TRBJ2-5	2	TGTGCCAGCAGTTTTTACCTTGATGTTCTTTGGAACTTACCGGAGACCCAGTACTTC['DR10(7475.0)': 'DR25(3.0)']	['DR10(7475.0)': 'DR25(3.0)']
CASSGQGFPYEQYF	TRBV19	TRBJ2-7,TRBJ2-5	2	TGTGCCAGTAGCGGACAGGGGTTTCCCTACGAGCAGTACTTC['DR24(1.0)': 'DR23(2.0)': 'DR24(3868.0)']	['DR24(1.0)': 'DR23(2.0)': 'DR24(3868.0)']
CASSGRDTPYNEQFF	TRBV19	TRBJ2-1	2	TGTGCCAGTAGTGGCCGGGACACCCCCTACAATGAGCAGTTCTTC['DR25(1.0)': 'DR10(2400.0)']	['DR25(1.0)': 'DR10(2400.0)']
CASSHDALGGRGEQYF	TRBV4-2	TRBJ2-7	2	TGTGCCAGCAGCCATGATGCCTTAGGAGGACGGGGCGAGCAGTACTTC['DR23(1.0)': 'DR24(438.0)']	['DR23(1.0)': 'DR24(438.0)']
CASSHGTKRGEQYF	TRBV7-9	TRBJ2-7	2	TGTGCCAGCAGCCACGGGACTAAACGGGGAGAGCAGTACTTC['DR24(2.0)': 'DR10(2525.0)']	['DR24(2.0)': 'DR10(2525.0)']
CASSHPQGNEQFF	TRBV4-1	TRBJ2-1	2	TGCGCCAGCAGCCATCCCCAGGGCAATGAGCAGTTCTTC['DR10(4.0)': 'DR25(1692.0)']	['DR10(4.0)': 'DR25(1692.0)']
CASSHRDRGNAEAFF	TRBV9	TRBJ1-1	2	TGTGCCAGCAGCCACCGGGACAGGGGGAACGCTGAAGCTTTCTTT['DR50(4.0)'],TGTGCCAGCAGCCACCGGGACAGGGGGAACGCCGAAGCCTTCTTT['DR56(1.0)']	['DR50(4.0)'],['DR56(1.0)']
CASSIAGLYEQYF	TRBV7-1,TRBV19	TRBJ2-7	2	TGTGCCAGTAGTATCGCGGGACTTTACGAGCAGTACTTC['DR12(2.0)'],TGTGCCAGTAGTATCGCGGGACTCTACGAGCAGTACTTC['DR12(33.0)': 'DR25(1.0)': 'DR12(25.0)': 'DR12(26.0)']	['DR12(2.0)'],['DR12(33.0)': 'DR25(1.0)': 'DR12(25.0)': 'DR12(26.0)']
CASSIGRTGSGETQYF	TRBV19	TRBJ2-5	2	TGTGCCAGTAGTATAGGTCGGACAGGGTCAGGGGAGACCCAGTACTTC['DR23(2.0)': 'DR24(1352.0)']	['DR23(2.0)': 'DR24(1352.0)']
CASSESVENTEAFF	TRBV25-1,TRBV28	TRBJ1-1	2	TGTGCCAGCAGTGAATCAGTCGAGAATACTGAAGCTTTCTTT['DR12(3.0)': 'DR12(1.0)': 'DR10(936.0)']	['DR12(3.0)': 'DR12(1.0)': 'DR10(936.0)']
CASSESTRLAGSTDTQYF	TRBV10-1	TRBJ2-3	2	TGCGCCAGCAGTGAGTCCACCCGTCTCGCGGGAAGCACAGATACGCAGTATTTT['DR26(1.0)': 'DR18(411.0)': 'DR18(2868.0)']	['DR26(1.0)': 'DR18(411.0)': 'DR18(2868.0)']
CASSEDGSSYNEQFF	TRBV11-2,TRBV5-5	TRBJ2-1	2	TGTGCCAGCAGCGAAGACGGGAGCTCCTACAATGAGCAGTTCTTC['DR10(464.0)': 'DR12(3.0)']	['DR10(464.0)': 'DR12(3.0)']
CASRRAGTVNTEAFF	TRBV2	TRBJ1-1	2	TGTGCCAGCAGGAGAGCCGGGACGGTGAACACTGAAGCTTTCTTT['DR10(1.0)': 'DR25(588.0)': 'DR10(2.0)']	['DR10(1.0)': 'DR25(588.0)': 'DR10(2.0)']
CASAWTSYVEQFF	TRBV27	TRBJ2-1	2	TGTGCCAGTGCCTGGACTAGTTACGTTGAGCAGTTCTTC['DR10(347.0)': 'DR23(3.0)'],TGTGCCAGTGCCTGGACCAGTTACGTCGAGCAGTTCTTC['DR10(1.0)']	['DR10(347.0)': 'DR23(3.0)'],['DR10(1.0)']
CASDSGTGVQPQHF	TRBV7-9	TRBJ1-5	2	TGTGCCAGCGACTCCGGGACAGGGGTTCAGCCCCAGCATTTT['DR18(1033.0)': 'DR23(1.0)']	['DR18(1033.0)': 'DR23(1.0)']
CASGYRGQDEQFF	TRBV12-3	TRBJ2-1	2	TGTGCCAGCGGGTACAGGGGGCAGGATGAGCAGTTCTTC['DR26(6635.0)': 'DR25(1.0)': 'DR26(2.0)']	['DR26(6635.0)': 'DR25(1.0)': 'DR26(2.0)']
CASNEWTGRQPQHF	TRBV19	TRBJ1-5	2	TGTGCCAGTAACGAGTGGACAGGTCGGCAGCCCCAGCACTTT['DR10(1.0)'],TGTGCCAGTAACGAGTGGACAGGTCGGCAGCCCCAGCATTTT['DR25(5.0)': 'DR25(4011.0)': 'DR10(7.0)']	['DR10(1.0)'],['DR25(5.0)': 'DR25(4011.0)': 'DR10(7.0)']
CASNNVGYWDSNQPQHF	TRBV2	TRBJ1-5	2	TGTGCCAGCAACAACGTGGGGTATTGGGATAGCAATCAGCCCCAGCATTTT['DR23(1.0)': 'DR23(2.0)': 'DR24(2711.0)']	['DR23(1.0)': 'DR23(2.0)': 'DR24(2711.0)']
CASPGSDNKNTQYF	TRBV2	TRBJ2-3	2	TGTGCCAGCCCAGGGTCGGATAATAAAAATACGCAGTATTTT['DR23(1.0)': 'DR24(278.0)']	['DR23(1.0)': 'DR24(278.0)']
CASRALGALHNEQFF	TRBV2	TRBJ2-1	2	TGTGCCAGCAGGGCCTTGGGAGCGCTACACAATGAGCAGTTCTTC['DR24(2.0)': 'DR10(145.0)']	['DR24(2.0)': 'DR10(145.0)']
CASRRAGTANTEAFF	TRBV2	TRBJ1-1	2	TGTGCCAGCAGGAGAGCCGGGACGGCGAACACTGAAGCTTTCTTT['DR25(119.0)': 'DR10(1.0)']	['DR25(119.0)': 'DR10(1.0)']
CASRRPSGELFF	TRBV2	TRBJ2-2	2	TGTGCCAGCAGGAGGCCCTCCGGGGAGCTGTTTTTT['DR25(19.0)': 'DR10(1.0)': 'DR25(644.0)']	['DR25(19.0)': 'DR10(1.0)': 'DR25(644.0)']
CASSDWGRDTGELFF	TRBV2	TRBJ2-2	2	TGTGCCAGCAGTGATTGGGGGCGTGACACCGGGGAGCTGTTTTTT['DR23(3.0)': 'DR10(1291.0)']	['DR23(3.0)': 'DR10(1291.0)']
CASRSGTVTPRGQYF	TRBV2	TRBJ2-7	2	TGTGCCAGCAGGTCCGGGACAGTCACCCCCCGCGGGCAGTACTTC['DR10(1.0)': 'DR25(939.0)']	['DR10(1.0)': 'DR25(939.0)']
CASRVQDRLNTEAFF	TRBV6-3,TRBV6-5,TRBV6-2	TRBJ1-1	2	TGTGCCAGCAGGGTACAGGACAGATTGAACACTGAAGCTTTCTTT['DR23(13.0)': 'DR23(6097.0)': 'DR23(12.0)': 'DR18(5.0)'],TGTGCCAGCAGGGTACAGGACAGATTGAACACTGAAGCCTTCTTT['DR23(1.0)']	['DR23(13.0)': 'DR23(6097.0)': 'DR23(12.0)': 'DR18(5.0)'],['DR23(1.0)']
CASRWRTEAFF	TRBV30	TRBJ1-1	2	TGTGCCAGCCGATGGCGAACTGAAGCTTTCTTT['DR25(1459.0)': 'DR10(3.0)']	['DR25(1459.0)': 'DR10(3.0)']
CASSASQGISTEAFF	TRBV19	TRBJ1-1	2	TGTGCCAGTAGTGCGTCACAGGGGATCAGCACTGAAGCTTTCTTT['DR10(1.0)': 'DR25(1.0)': 'DR10(2813.0)']	['DR10(1.0)': 'DR25(1.0)': 'DR10(2813.0)']
CASSDEDRMNTGELFF	TRBV2	TRBJ2-2	2	TGTGCCAGCAGTGACGAGGACAGGATGAACACCGGGGAGCTGTTTTTT['DR10(1026.0)': 'DR25(1.0)']	['DR10(1026.0)': 'DR25(1.0)']
CASSDPGQRNNEQFF	TRBV2	TRBJ2-1	2	TGTGCCAGCAGTGACCCGGGACAAAGAAACAATGAGCAGTTCTTC['DR10(4730.0)': 'DR25(1.0)']	['DR10(4730.0)': 'DR25(1.0)']
CASSDPLRRDTEAFF	TRBV25-1	TRBJ1-1	2	TGTGCCAGCAGTGATCCTCTTCGGCGGGACACTGAAGCTTTCTTT['DR24(752.0)': 'DR18(1.0)']	['DR24(752.0)': 'DR18(1.0)']
CASSDSSGSTDTQYF	TRBV6-4	TRBJ2-3	2	TGTGCCAGCAGTGACTCTAGCGGGAGCACAGATACGCAGTATTTT['DR18(1.0)': 'DR23(1228.0)']	['DR18(1.0)': 'DR23(1228.0)']
CASSIPGQTVYGYTF	TRBV19	TRBJ1-2	2	TGTGCCAGTAGTATACCGGGACAGACCGTCTATGGCTACACCTTC['DR26(1.0)': 'DR10(3.0)': 'DR10(2428.0)']	['DR26(1.0)': 'DR10(3.0)': 'DR10(2428.0)']
CASSISSGATDTQYF	TRBV19	TRBJ2-3	2	TGTGCCAGTAGTATCTCTAGCGGGGCCACAGATACGCAGTATTTT['DR10(2391.0)': 'DR24(1.0)']	['DR10(2391.0)': 'DR24(1.0)']
CASSKPPGRNTEAFF	TRBV19	TRBJ1-1	2	TGTGCCAGTAGTAAACCACCGGGACGGAACACTGAAGCTTTCTTT['DR56(379.0)': 'DR55(39600.0)': 'DR55(74234.0)': 'DR56(198.0)']	['DR56(379.0)': 'DR55(39600.0)': 'DR55(74234.0)': 'DR56(198.0)']
CASSPLDRDSWNTEAFF	TRBV7-8	TRBJ1-1	2	TGTGCCAGCAGCCCCCTAGACAGGGATAGTTGGAACACTGAAGCTTTCTTT['DR56(6154.0)': 'DR55(14.0)']	['DR56(6154.0)': 'DR55(14.0)']
CASSLVGDTDTQYF	TRBV7-2	TRBJ2-3	2	TGTGCCAGCAGCTTAGTGGGTGACACAGATACGCAGTATTTT['DR10(692.0)': 'DR10(950.0)': 'DR23(1.0)']	['DR10(692.0)': 'DR10(950.0)': 'DR23(1.0)']
CASSLVGGRSGANVLTF	TRBV5-8	TRBJ2-6	2	TGTGCCAGCAGCTTGGTTGGGGGGAGATCCGGGGCCAACGTCCTGACTTTC['DR26(5.0)': 'DR25(165.0)': 'DR26(9.0)': 'DR25(7352.0)']	['DR26(5.0)': 'DR25(165.0)': 'DR26(9.0)': 'DR25(7352.0)']
CAIGWTVYEQYF	TRBV12-3,TRBV12-4	TRBJ2-7	2	TGTGCCATCGGATGGACTGTATACGAGCAGTACTTC['DR10(5098.0)': 'DR12(18.0)']	['DR10(5098.0)': 'DR12(18.0)']
CASSLWGSQTNTGELFF	TRBV28	TRBJ2-2	2	TGTGCCAGCAGTTTATGGGGCAGCCAAACGAACACCGGGGAGCTGTTTTTT['DR25(155.0)': 'DR26(1.0)']	['DR25(155.0)': 'DR26(1.0)']
CASSLWRGHNEQFF	TRBV7-3	TRBJ2-1	2	TGTGCCAGCAGCTTGTGGCGGGGCCATAATGAGCAGTTCTTC['DR10(1802.0)': 'DR23(1.0)']	['DR10(1802.0)': 'DR23(1.0)']
CASSPFSNQPQHF	TRBV19	TRBJ1-5	2	TGTGCCAGTAGCCCATTTAGCAATCAGCCCCAGCATTTT['DR10(3662.0)': 'DR23(1.0)']	['DR10(3662.0)': 'DR23(1.0)']
CASSPGRSNTGELFF	TRBV7-6	TRBJ2-2	2	TGTGCCAGCAGCCCAGGACGGTCGAACACCGGGGAGCTGTTTTTT['DR23(3.0)': 'DR23(16.0)': 'DR23(1821.0)': 'DR26(3.0)']	['DR23(3.0)': 'DR23(16.0)': 'DR23(1821.0)': 'DR26(3.0)']
CASSPGTASYEQYF	TRBV19	TRBJ2-7	2	TGTGCCAGTAGTCCAGGGACAGCTTCCTACGAGCAGTACTTC['DR10(1148.0)': 'DR24(1.0)']	['DR10(1148.0)': 'DR24(1.0)']
CASSPLMASREETQYF	TRBV27	TRBJ2-5	2	TGTGCCAGCAGTCCCCTCATGGCTAGTCGGGAAGAGACCCAGTACTTC['DR10(1402.0)': 'DR25(1.0)']	['DR10(1402.0)': 'DR25(1.0)']
CASSLTENYGYTF	TRBV28	TRBJ1-2	2	TGTGCCAGCAGTTTGACAGAAAACTATGGCTATACCTTC['DR25(4287.0)': 'DR26(3.0)'],TGTGCCAGCAGTTTGACAGAAAACTATGGCTACACCTTC['DR25(242.0)']	['DR25(4287.0)': 'DR26(3.0)'],['DR25(242.0)']
CASSPPADRTQYF	TRBV9	TRBJ2-5	2	TGTGCCAGCAGCCCCCCGGCCGATAGAACCCAGTACTTC['DR50(17512.0)': 'DR47(20.0)': 'DR50(14.0)']	['DR50(17512.0)': 'DR47(20.0)': 'DR50(14.0)']
CASSPRDGYEQYF	TRBV19	TRBJ2-7	2	TGTGCCAGTAGTCCGCGGGACGGCTACGAGCAGTACTTC['DR12(7.0)': 'DR23(1.0)': 'DR12(58.0)']	['DR12(7.0)': 'DR23(1.0)': 'DR12(58.0)']
CASSPRVAGGPNTGELFF	TRBV11-3	TRBJ2-2	2	TGTGCCAGCAGCCCCCGGGTAGCGGGAGGGCCAAACACCGGGGAGCTGTTTTTT['DR25(1.0)': 'DR10(3007.0)']	['DR25(1.0)': 'DR10(3007.0)']
CASSPSGRHSPLHF	TRBV28	TRBJ1-6	2	TGTGCCAGCAGTCCTTCGGGCCGGCATTCACCCCTCCACTTT['DR26(2.0)': 'DR25(2638.0)': 'DR25(2.0)']	['DR26(2.0)': 'DR25(2638.0)': 'DR25(2.0)']
CASSPSRDRGCEPRSPQHF	TRBV7-4,TRBV7-1	TRBJ1-5	2	TGTGCCAGCAGCCCATCGCGCGACAGGGGGTGTGAACCGAGATCGCCCCAGCATTTT['DR10(2457.0)': 'DR25(1.0)': 'DR10(2.0)']	['DR10(2457.0)': 'DR25(1.0)': 'DR10(2.0)']
CASSQAGQGTNEQFF	TRBV4-3,TRBV4-1	TRBJ2-1	2	TGCGCCAGCAGCCAAGCCGGACAGGGGACAAATGAGCAGTTCTTC['DR56(20801.0)': 'DR50(3.0)']	['DR56(20801.0)': 'DR50(3.0)']
CASSQAPGKPYEQYF	TRBV4-1	TRBJ2-7	2	TGCGCCAGCAGCCAAGCCCCCGGCAAACCCTACGAGCAGTACTTC['DR25(2.0)': 'DR10(1542.0)']	['DR25(2.0)': 'DR10(1542.0)']
CASSQDGFSETQYF	TRBV4-1	TRBJ2-5	2	TGCGCCAGCAGCCAAGATGGGTTTTCGGAGACCCAGTACTTC['DR10(1.0)': 'DR12(1.0)': 'DR10(4758.0)']	['DR10(1.0)': 'DR12(1.0)': 'DR10(4758.0)']
CASSLTPPDTQYF	TRBV7-3	TRBJ2-3	2	TGTGCCAGCAGCTTAACCCCCCCAGATACGCAGTATTTT['DR12(2.0)': 'DR10(772.0)']	['DR12(2.0)': 'DR10(772.0)']
CASSLTDLSYEQYF	TRBV27	TRBJ2-7	2	TGTGCCAGCAGTTTAACAGATCTCTCCTACGAGCAGTACTTC['DR10(631.0)': 'DR12(2.0)']	['DR10(631.0)': 'DR12(2.0)']
CASSLAASTDTQYF	TRBV4-1	TRBJ2-3	2	TGCGCCAGCAGCCTAGCGGCTAGCACAGATACGCAGTATTTT['DR56(1109.0)': 'DR55(3.0)']	['DR56(1109.0)': 'DR55(3.0)']
CASSLGHPTGGPKANYGYTF	TRBV5-1	TRBJ1-2	2	TGCGCCAGCAGCTTGGGCCACCCGACAGGCGGTCCTAAGGCTAACTATGGCTACACCTTC['DR10(1.0)'],TGCGCCAGCAGCTTGGGTCACCCGACAGGCGGTCCTAAAGCTAACTATGGCTACACCTTC['DR24(1.0)': 'DR10(2246.0)': 'DR10(1.0)'],TGCGCCAGCAGCTTGGGTCACCCGACAGGCGGTCCTAAAGCTAACTATGGCTACACCTTT['DR10(1097.0)': 'DR10(1.0)']	['DR10(1.0)'],['DR24(1.0)': 'DR10(2246.0)': 'DR10(1.0)'],['DR10(1097.0)': 'DR10(1.0)']
CASSLAATSTDTQYF	TRBV27	TRBJ2-3	2	TGTGCCAGCAGTTTAGCGGCCACTAGCACAGATACGCAGTATTTT['DR23(2.0)': 'DR18(1.0)': 'DR23(833.0)']	['DR23(2.0)': 'DR18(1.0)': 'DR23(833.0)']
CASSLAGAYTDTQYF	TRBV28	TRBJ2-3	2	TGTGCCAGCAGCCTAGCGGGAGCGTACACAGATACGCAGTATTTT['DR55(20.0)': 'DR56(13734.0)']	['DR55(20.0)': 'DR56(13734.0)']
CASSLAPDRVSEQYF	TRBV7-6	TRBJ2-7	2	TGTGCCAGCAGCTTAGCGCCCGACAGGGTATCCGAGCAGTACTTC['DR24(4.0)': 'DR10(1935.0)']	['DR24(4.0)': 'DR10(1935.0)']
CASSLDEAHTQYF	TRBV5-1	TRBJ2-3	2	TGCGCCAGCAGCTTGGATGAGGCGCATACGCAGTATTTT['DR25(6096.0)': 'DR25(5.0)': 'DR10(2.0)': 'DR10(11.0)']	['DR25(6096.0)': 'DR25(5.0)': 'DR10(2.0)': 'DR10(11.0)']
CASSLDNQGAWEQYF	TRBV11-3	TRBJ2-7	2	TGTGCCAGCAGCTTAGATAACCAGGGGGCTTGGGAGCAGTACTTC['DR23(2.0)': 'DR25(100.0)']	['DR23(2.0)': 'DR25(100.0)']
CASSLFGTPAYEQYF	TRBV27	TRBJ2-7	2	TGTGCCAGCAGTTTATTCGGGACTCCAGCCTACGAGCAGTACTTC['DR25(1899.0)': 'DR26(1.0)']	['DR25(1899.0)': 'DR26(1.0)']
CASSLGGGRPHDEQYF	TRBV7-6	TRBJ2-7	2	TGTGCCAGCAGCTTAGGGGGGGGCAGGCCGCACGACGAGCAGTACTTC['DR18(5.0)': 'DR24(1300.0)']	['DR18(5.0)': 'DR24(1300.0)']
CASSLGGHGYTF	TRBV27	TRBJ1-2	2	TGTGCCAGCAGTTTAGGGGGCCATGGCTACACCTTC['DR24(1.0)': 'DR18(2.0)': 'DR24(27.0)': 'DR24(2978.0)': 'DR18(6.0)']	['DR24(1.0)': 'DR18(2.0)': 'DR24(27.0)': 'DR24(2978.0)': 'DR18(6.0)']
CASSLGRGRTEAFF	TRBV13	TRBJ1-1	2	TGTGCCAGCAGCTTAGGCAGGGGAAGGACTGAAGCTTTCTTT['DR23(1.0)': 'DR26(1.0)']	['DR23(1.0)': 'DR26(1.0)']
CASSLSQGEQFF	TRBV27	TRBJ2-1	2	TGTGCCAGCAGTCTAAGCCAGGGGGAGCAGTTCTTC['DR18(2.0)': 'DR23(1373.0)': 'DR23(3.0)']	['DR18(2.0)': 'DR23(1373.0)': 'DR23(3.0)']
CASSLLAGGSYEQYF	TRBV7-3	TRBJ2-7	2	TGTGCCAGCAGCTTATTAGCGGGAGGGTCCTACGAGCAGTACTTC['DR24(3.0)': 'DR10(2941.0)']	['DR24(3.0)': 'DR10(2941.0)']
CASSLNPEVSEQYF	TRBV27	TRBJ2-7	2	TGTGCCAGCAGCCTCAATCCTGAAGTTAGCGAGCAGTACTTC['DR10(1992.0)': 'DR25(1.0)']	['DR10(1992.0)': 'DR25(1.0)']
CASSLQGCHGYTF	TRBV28	TRBJ1-2	2	TGTGCCAGCAGCCTACAGGGTTGCCATGGCTACACCTTC['DR23(2.0)': 'DR18(2614.0)']	['DR23(2.0)': 'DR18(2614.0)']
CASSLQGHHGYTF	TRBV28	TRBJ1-2	2	TGTGCCAGCAGCCTACAGGGTCACCATGGCTACACCTTC['DR23(1.0)': 'DR12(2.0)']	['DR23(1.0)': 'DR12(2.0)']
CASSLRDREVFF	TRBV28	TRBJ1-4	2	TGTGCCAGCAGTCTCCGGGACAGGGAAGTGTTTTTT['DR12(5.0)': 'DR10(3892.0)': 'DR12(3.0)']	['DR12(5.0)': 'DR10(3892.0)': 'DR12(3.0)']
CASSLRGVNTEAFF	TRBV27	TRBJ1-1	2	TGTGCCAGCAGTTTAAGGGGGGTGAACACTGAAGCTTTCTTT['DR24(2.0)': 'DR10(3316.0)']	['DR24(2.0)': 'DR10(3316.0)']
CASSLRVAEGEQYF	TRBV13	TRBJ2-7	2	TGTGCCAGCAGCCTCCGGGTAGCAGAGGGCGAGCAGTACTTC['DR18(1182.0)': 'DR26(1.0)': 'DR18(2548.0)']	['DR18(1182.0)': 'DR26(1.0)': 'DR18(2548.0)']
CASSLSPSINTGELFF	TRBV12-4	TRBJ2-2	2	TGTGCCAGCAGTTTATCTCCTAGCATTAACACCGGGGAGCTGTTTTTT['DR10(3226.0)': 'DR10(1.0)': 'DR25(2.0)']	['DR10(3226.0)': 'DR10(1.0)': 'DR25(2.0)']
CASSLVSQQFF	TRBV28	TRBJ2-1	2	TGTGCCAGTAGTTTAGTGTCTCAGCAGTTCTTC['DR25(43.0)'],TGTGCCAGCAGTTTAGTGTCTCAGCAGTTCTTC['DR18(2.0)': 'DR25(184.0)']	['DR25(43.0)'],['DR18(2.0)': 'DR25(184.0)']
