TRBV_gene	CDR3_beta	TRBJ_gene
TRBV12-4	CASSFRGTGDDTQYF	TRBJ2-3
TRBV5-8	CASSFHSQETQYF	TRBJ2-5
TRBV5-4	CASSFESGYEQFF	TRBJ2-1
TRBV7-9	CASSLGFGSDTQYF	TRBJ2-3
TRBV28	CASSFLNEQFF	TRBJ2-1
TRBV28	CASSILAGDRETQYF	TRBJ2-5
TRBV27	CASSPYRAGWEQYF	TRBJ2-7
TRBV7-9	CASSFPGQVNSPLHF	TRBJ1-6
TRBV9	CASSTGLLLNEQYF	TRBJ2-7
TRBV4-3	CASSRGQGRYEQYF	TRBJ2-7
TRBV11-1	CASSFGDRGLYEQYF	TRBJ2-7
TRBV6-5	CASSPYAAEQETQYF	TRBJ2-5
TRBV19	CASSDDRATQETQYF	TRBJ2-5
TRBV7-9	CASSLAFGRDEQYF	TRBJ2-7
TRBV30	CAWSVGAGTIFYEQYF	TRBJ2-7
TRBV28	CASVTDREGPKNIQYF	TRBJ2-4
TRBV29-1	CSVEKLALSADTQYF	TRBJ2-3
TRBV27	CASSRLWGQGAYEQYF	TRBJ2-7
TRBV7-9	CASSHPDSTEAFF	TRBJ1-1
TRBV27	CASSLVSGGRKDTQYF	TRBJ2-3
TRBV7-3	CASSNGGYSTDTQYF	TRBJ2-3
TRBV25-1	CASNRGHTEAFF	TRBJ1-1
TRBV7-9	CASSWGGLAGDTQYF	TRBJ2-3
TRBV29-1	CSVEGAGVNTGELFF	TRBJ2-2
TRBV18	CASSPPPRSTEAFF	TRBJ1-1
TRBV18	CASSPLLPLPYANTF	TRBJ1-2
TRBV6-5	CASSQRGSVGVGELFF	TRBJ2-2
TRBV7-9	CASSLLNRDTGNQPQHF	TRBJ1-5
TRBV20-1	CSAPWLARDVLNTEAFF	TRBJ1-1
TRBV5-4	CASSFITADEQFF	TRBJ2-1
TRBV4-3	CASSHSGTLGSEQYF	TRBJ2-7
TRBV7-9	CASSLAYGPDEQFF	TRBJ2-1
TRBV27	CASSLWTSAVDTQYF	TRBJ2-3
TRBV7-8	CASSTHDLYQPQHF	TRBJ1-5
TRBV7-9	CASSFGTDLAKNIQYF	TRBJ2-4
TRBV28	CASSLLQSGGAETQYF	TRBJ2-5
TRBV6-5	CASGPYAAEQETQYF	TRBJ2-5
TRBV20-1	CSARDRGETEQYF	TRBJ2-7
TRBV27	CASSLGTEAFF	TRBJ1-1
TRBV24-1	CATSDLLAGDIQETQYF	TRBJ2-5
TRBV20-1	CSARDRTSGFGETQYF	TRBJ2-5
TRBV13	CASSLGRGNSPLHF	TRBJ1-6
TRBV30	CAWSVLDSYNEQFF	TRBJ2-1
TRBV4-2	CASSQGWASQETQYF	TRBJ2-5
TRBV19	CASSPSPGSSTDTQYF	TRBJ2-3
TRBV4-1	CASSQTPLPPYNEQFF	TRBJ2-1
TRBV5-7	CASSLAPGGSYEQYF	TRBJ2-7
TRBV28	CASRLGVLTEAFF	TRBJ1-1
TRBV13	CASSLRGPDTQYF	TRBJ2-3
TRBV25-1	CASNRGYTEAFF	TRBJ1-1
TRBV20-1	CSARQLAEPYNEQFF	TRBJ2-1
TRBV28	CASSFQNEQFF	TRBJ2-1
TRBV7-9	CASSLLNWDTGNQPQHF	TRBJ1-5
TRBV27	CASSLGGGSTEAFF	TRBJ1-1
TRBV2	CASSEPLAGVYDEQFF	TRBJ2-1
TRBV18	CASSLDRDYEQYF	TRBJ2-7
TRBV9	CASSRRDRGNTEAFF	TRBJ1-1
TRBV25-1	CASDRGYTEAFF	TRBJ1-1
TRBV4-1	CASSPNLRGTDTQYF	TRBJ2-3
TRBV7-9	CAGSLGFVSDTQYF	TRBJ2-3
TRBV28	CASSESSNHGYTF	TRBJ1-2
TRBV28	CASSNLAGDRETQYF	TRBJ2-5
TRBV12-3	CERSVRGTGEDTQYF	TRBJ2-3
TRBV27	CASSPTVDEQYF	TRBJ2-7
TRBV11-1	CDSSHPDSTEAFF	TRBJ1-1
TRBV28	CASRLGVSTEAFF	TRBJ1-1
TRBV27	CASSAGSRYERYF	TRBJ2-7
TRBV5-5	CASSLAPGGSHEQYF	TRBJ2-7
TRBV24-1	CASSDPRDPLREQFF	TRBJ2-1
TRBV11-1	CTSGLKVTLLGDTQYF	TRBJ2-3
TRBV19	CASSTGPTEMHTEAFF	TRBJ1-1
TRBV7-9	CASSLGFGTDLAKNIQYF	TRBJ2-4
TRBV5-4	CASSFESGYEQF	TRBJ2-1
TRBV20-1	CSAYLQGNTEAFF	TRBJ1-1
TRBV5-4	CASSFEGGHEQSF	TRBJ2-1
TRBV5-4	CASSFEGGHEQFF	TRBJ2-1
TRBV5-4	CAGSFESGYELFF	TRBJ2-1
TRBV5-4	CASSSESWYEQFF	TRBJ2-1
TRBV5-4	CVSSFEGGYEQSF	TRBJ2-1
TRBV7-9	CASSLLNWDTDNQPQHF	TRBJ1-5
TRBV7-9	CASSFGTDLAENIQYF	TRBJ2-4
TRBV12-3	CERSFRGKGDDKKYF	TRBJ2-3
TRBV27	CASSLASRGRKDTQYF	TRBJ2-3
TRBV12-3	CERSFRGKGDDTQYF	TRBJ2-3
TRBV12-3	CASSSGGTGDDAQYF	TRBJ2-3
TRBV12-3	CASSLGGTGDGTQYF	TRBJ2-3
TRBV5-8	CASSFHSQVTQCF	TRBJ2-5
TRBV5-8	CASSFHSQETHHF	TRBJ2-5
TRBV2	CVSHPGGAYNEQFF	TRBJ2-1
TRBV5-8	CASFHSQETQYF	TRBJ2-5
TRBV30	CAWSVLDFYNERFF	TRBJ2-1
TRBV27	CARSPYRAGWEQYF	TRBJ2-7
TRBV20-1	CGARDRNTPLGGQYF	TRBJ2-7
TRBV19	CASSDNRATQETQYF	TRBJ2-5
TRBV7-9	CARSLAFGRDEQYF	TRBJ2-7
TRBV2	CASRRLAGESDTQYF	TRBJ2-3
TRBV2	CASRGLAGENDTQYF	TRBJ2-3
TRBV7-9	CASSFPGQVNTPLHF	TRBJ1-6
TRBV7-9	CASGWGGLAGDTQYF	TRBJ2-3
TRBV30	CAWSVGAGTIFYKQYF	TRBJ2-7
TRBV5-8	CASSFHSREIQYF	TRBJ2-5
